timeStamp,elapsed,label,responseCode,responseMessage,threadName,dataType,success,failureMessage,bytes,sentBytes,grpThreads,allThreads,URL,Filename,Latency,IdleTime,Connect
1734994464049,2875,Homepage - HTTP Request,200,OK,Listeners - UserVisitsHomePage 1-2,text,true,,546268,136,10,10,https://ecommerce-playground.lambdatest.io/,,1326,0,739
1734994464150,2791,Homepage - HTTP Request,200,OK,Listeners - UserVisitsHomePage 1-3,text,true,,546268,136,10,10,https://ecommerce-playground.lambdatest.io/,,1192,0,599
1734994463945,3237,Homepage - HTTP Request,200,OK,Listeners - UserVisitsHomePage 1-1,text,true,,546268,136,10,10,https://ecommerce-playground.lambdatest.io/,,1461,0,834
1734994464250,2982,Homepage - HTTP Request,200,OK,Listeners - UserVisitsHomePage 1-4,text,true,,546261,136,10,10,https://ecommerce-playground.lambdatest.io/,,1299,0,720
1734994466927,1963,Homepage - HTTP Request,200,OK,Listeners - UserVisitsHomePage 1-2,text,true,,546584,136,10,10,https://ecommerce-playground.lambdatest.io/,,530,0,0
1734994466941,2031,Homepage - HTTP Request,200,OK,Listeners - UserVisitsHomePage 1-3,text,true,,546575,136,9,9,https://ecommerce-playground.lambdatest.io/,,651,0,0
1734994464351,4875,Homepage - HTTP Request,200,OK,Listeners - UserVisitsHomePage 1-5,text,true,,546268,136,8,8,https://ecommerce-playground.lambdatest.io/,,1439,0,821
1734994464650,4585,Homepage - HTTP Request,200,OK,Listeners - UserVisitsHomePage 1-8,text,true,,546268,136,8,8,https://ecommerce-playground.lambdatest.io/,,1476,0,716
1734994464460,4775,Homepage - HTTP Request,200,OK,Listeners - UserVisitsHomePage 1-6,text,true,,546268,136,8,8,https://ecommerce-playground.lambdatest.io/,,1599,0,822
1734994464852,4575,Homepage - HTTP Request,200,OK,Listeners - UserVisitsHomePage 1-10,text,true,,546268,136,8,8,https://ecommerce-playground.lambdatest.io/,,1826,0,768
1734994464550,4878,Homepage - HTTP Request,200,OK,Listeners - UserVisitsHomePage 1-7,text,true,,546268,136,8,8,https://ecommerce-playground.lambdatest.io/,,1417,0,725
1734994467182,2351,Homepage - HTTP Request,200,OK,Listeners - UserVisitsHomePage 1-1,text,true,,546575,136,8,8,https://ecommerce-playground.lambdatest.io/,,614,0,0
1734994467232,2348,Homepage - HTTP Request,200,OK,Listeners - UserVisitsHomePage 1-4,text,true,,546575,136,7,7,https://ecommerce-playground.lambdatest.io/,,671,0,0
1734994464755,5256,Homepage - HTTP Request,200,OK,Listeners - UserVisitsHomePage 1-9,text,true,,546261,136,6,6,https://ecommerce-playground.lambdatest.io/,,1865,0,685
1734994469236,2112,Homepage - HTTP Request,200,OK,Listeners - UserVisitsHomePage 1-8,text,true,,546584,136,6,6,https://ecommerce-playground.lambdatest.io/,,606,0,0
1734994469236,2112,Homepage - HTTP Request,200,OK,Listeners - UserVisitsHomePage 1-6,text,true,,546584,136,6,6,https://ecommerce-playground.lambdatest.io/,,595,0,0
1734994469429,2001,Homepage - HTTP Request,200,OK,Listeners - UserVisitsHomePage 1-10,text,true,,546575,136,4,4,https://ecommerce-playground.lambdatest.io/,,620,0,0
1734994469429,2236,Homepage - HTTP Request,200,OK,Listeners - UserVisitsHomePage 1-7,text,true,,546575,136,3,3,https://ecommerce-playground.lambdatest.io/,,614,0,0
1734994469234,2572,Homepage - HTTP Request,200,OK,Listeners - UserVisitsHomePage 1-5,text,true,,546575,136,2,2,https://ecommerce-playground.lambdatest.io/,,617,0,0
1734994470011,2159,Homepage - HTTP Request,200,OK,Listeners - UserVisitsHomePage 1-9,text,true,,546575,136,1,1,https://ecommerce-playground.lambdatest.io/,,493,0,0
